Timestamp,Voltage_V,Current_A,Temperature_C,Pred_Label
16-07-2025 19:14,424.76,53.4,40.6,0
16-07-2025 19:14,426.16,85.81,49.28,0
16-07-2025 19:14,418.43,86.71,37.53,0
16-07-2025 19:14,432.32,84.03,30.3,0
16-07-2025 19:15,418.45,60.31,47.75,0
16-07-2025 19:15,427.14,75.75,32.09,0
16-07-2025 19:15,419.42,83.95,42.65,0
16-07-2025 19:15,408.42,72.41,50.56,0
16-07-2025 19:16,413.99,68.52,46.69,0
16-07-2025 19:16,402.96,76.82,41.74,0
16-07-2025 19:16,424.18,101.81,31.47,0
16-07-2025 19:16,417.17,85.96,40.49,0
16-07-2025 19:17,410.79,83.97,43.46,0
16-07-2025 19:17,422.08,95.23,39.46,0
16-07-2025 19:17,403.24,82.26,38.13,0
16-07-2025 19:17,408.06,90.1,36.8,0
16-07-2025 19:18,425.3,87.75,39.76,0
16-07-2025 19:18,401.36,92.76,35.68,0
16-07-2025 19:18,406.83,76.2,39.43,0
16-07-2025 19:18,411.23,86.34,25.49,0
16-07-2025 19:19,415.4,80.23,34.91,0
16-07-2025 19:19,406.31,82.13,43.15,0
16-07-2025 19:19,424.71,73.47,38.55,0
16-07-2025 19:19,417.01,68.7,38.29,0
16-07-2025 19:20,395.36,86.21,46.93,0
16-07-2025 19:20,410,76.07,35.1,0
16-07-2025 19:20,420.19,72.84,46,0
16-07-2025 19:20,415.87,59.43,59.44,0
16-07-2025 19:21,420.23,69.1,51.59,0
16-07-2025 19:21,415.34,59.72,39.89,0
16-07-2025 19:21,418.42,34.06,51.06,0
16-07-2025 19:21,428.02,93.36,46.51,0
16-07-2025 19:22,408.57,84.77,42.16,0
16-07-2025 19:22,404.63,75.23,42.59,0
16-07-2025 19:22,418,75.01,45.46,0
16-07-2025 19:22,409.47,75.69,43.95,0
16-07-2025 19:23,421.69,85.19,49.45,0
16-07-2025 19:23,427.29,69.42,43.31,0
16-07-2025 19:23,426.03,73.45,41.03,0
16-07-2025 19:23,419.47,67.27,29.1,0
16-07-2025 19:24,407.03,59.64,32.77,0
16-07-2025 19:24,413.88,68.9,43.56,0
16-07-2025 19:24,411.35,72.29,47.69,0
16-07-2025 19:24,416.5,82.13,39.33,0
16-07-2025 19:25,402.08,104.47,42.09,0
16-07-2025 19:25,406.64,51.06,34.41,0
16-07-2025 19:25,413.72,75.71,32.1,0
16-07-2025 19:25,413.09,118.67,48.12,1
16-07-2025 19:26,414.36,81.8,39.31,0
16-07-2025 19:26,410.21,96.41,36.6,0
16-07-2025 19:26,420.35,63.81,33.62,0
16-07-2025 19:26,406.64,99.78,50.31,0
16-07-2025 19:27,398.59,52.13,41.85,0
16-07-2025 19:27,412.23,95.16,36.11,0
16-07-2025 19:27,417.62,93.68,40.1,0
16-07-2025 19:27,402.95,88.29,33.6,0
16-07-2025 19:28,396.59,88.1,62.54,2
16-07-2025 19:28,407.83,74.68,41.27,0
16-07-2025 19:28,414.88,75.61,46.95,0
16-07-2025 19:28,409.87,64.65,46.33,0
16-07-2025 19:29,398.78,58.79,42.32,0
16-07-2025 19:29,417.37,61.23,43.91,0
16-07-2025 19:29,411.57,80.4,40.98,0
16-07-2025 19:30,397.73,82.3,34.32,0
16-07-2025 19:30,424.83,65.8,45.13,0
16-07-2025 19:30,412.97,82.65,30.75,0
16-07-2025 19:30,418.26,70.52,52.51,0
16-07-2025 19:31,411.48,89.61,33.48,0
16-07-2025 19:31,415.11,86.33,43.23,0
16-07-2025 19:31,405.3,37.27,48.43,0
16-07-2025 19:31,422.5,104.53,39.76,0
16-07-2025 19:32,424.18,72.83,27.07,0
16-07-2025 19:32,400.73,83.62,49.09,0
16-07-2025 19:32,418.45,78.17,47.89,0
16-07-2025 19:32,419.25,94.27,30.27,0
16-07-2025 19:33,423.91,112.73,46.51,1
16-07-2025 19:33,412.58,68.62,44.52,0
16-07-2025 19:33,408.42,57.91,45.01,0
16-07-2025 19:33,410.73,90.85,43.86,0
16-07-2025 19:34,417.94,80.24,52.69,0
16-07-2025 19:34,404.7,82.93,54.45,0
16-07-2025 19:34,426.16,86.76,36.48,0
16-07-2025 19:34,415.69,73.66,39.39,0
16-07-2025 19:35,403.29,72.76,35.4,0
16-07-2025 19:35,411.71,86.05,47.26,0
16-07-2025 19:35,414.08,95.33,48.89,0
16-07-2025 19:35,417.11,68.17,46.71,0
16-07-2025 19:36,420.9,64.15,45.43,0
16-07-2025 19:36,428.35,72.3,32.1,0
16-07-2025 19:36,403.1,67.4,32.97,0
16-07-2025 19:36,424.81,88.71,43.24,0
16-07-2025 19:37,416.6,85.34,38.57,0
16-07-2025 19:37,422.92,79.57,44.55,0
16-07-2025 19:37,380.25,72.41,32.73,0
16-07-2025 19:37,419.17,91.14,31.25,0
16-07-2025 19:38,416.77,89.62,20.68,0
16-07-2025 19:38,406.84,53.81,37.44,0
16-07-2025 19:38,408.27,78.96,49.39,0
16-07-2025 19:38,422.68,99.78,54.09,0
16-07-2025 19:39,418.79,74.48,47.18,0
16-07-2025 19:39,421.95,65.53,47.47,0
16-07-2025 19:39,414.84,76.13,53.09,0
16-07-2025 19:39,428.22,90.53,55.78,0
16-07-2025 19:40,417.14,61.54,39.99,0
16-07-2025 19:40,428.71,69.89,41.34,0
16-07-2025 19:40,425.5,62.68,53.15,0
16-07-2025 19:40,428.63,73.01,43.62,0
16-07-2025 19:41,400.87,76.18,46,0
16-07-2025 19:41,427.67,68.55,49.24,0
16-07-2025 19:41,409.95,64.12,33.82,0
16-07-2025 19:41,417.39,78.78,34.14,0
16-07-2025 19:42,428.22,74.96,44.94,0
16-07-2025 19:42,414.44,56.02,42.52,0
16-07-2025 19:42,409.81,80.39,54.21,0
16-07-2025 19:42,415.66,92.16,44.5,0
16-07-2025 19:43,432.43,62.72,37.23,0
16-07-2025 19:43,391.89,84.92,30.01,0
16-07-2025 19:43,397.27,73.6,40.89,0
16-07-2025 19:43,406.51,85.14,36.39,0
16-07-2025 19:44,412.66,92.54,23.01,0
16-07-2025 19:44,424.04,82.69,38.22,0
16-07-2025 19:44,417.3,77.56,41.65,0
16-07-2025 19:44,418.5,77.56,25.6,0
16-07-2025 19:45,401.04,68,49.49,0
16-07-2025 19:45,405.4,74.07,42.77,0
16-07-2025 19:45,419.36,54.46,51.85,0
16-07-2025 19:45,394.26,97.58,40.14,0
16-07-2025 19:46,422.06,82.66,40.24,0
16-07-2025 19:46,408.55,80.17,34.61,0
16-07-2025 19:46,408.36,95.49,59.51,0
16-07-2025 19:46,417.28,96.49,41.96,0
16-07-2025 19:47,419.87,56.41,49.9,0
16-07-2025 19:47,408.75,69.36,33.89,0
16-07-2025 19:47,402.58,81.25,50.21,0
16-07-2025 19:47,405.55,97.59,44.04,0
16-07-2025 19:48,411.13,90.97,40.21,0
16-07-2025 19:48,400.43,97.44,52.65,0
16-07-2025 19:48,403.78,68.13,45.59,0
16-07-2025 19:48,403.37,89.68,46.3,0
16-07-2025 19:49,416.48,100.54,32.59,0
16-07-2025 19:49,418.77,88.47,44.99,0
16-07-2025 19:49,411.88,84.22,32.85,0
16-07-2025 19:49,428.2,91.31,32.93,0
16-07-2025 19:50,413.98,59.81,41.46,0
16-07-2025 19:50,430.13,75.63,45.38,0
16-07-2025 19:50,429.06,84.71,39.65,0
16-07-2025 19:50,429.3,80.91,41.98,0
16-07-2025 19:51,403.2,87.05,57.37,0
16-07-2025 19:51,423.81,71.92,41.2,0
16-07-2025 19:51,413.59,69.57,43.3,0
16-07-2025 19:51,411.17,35.29,36.37,0
16-07-2025 19:52,399.63,95.77,51,0
16-07-2025 19:52,428.28,91.64,38.3,0
16-07-2025 19:52,413.09,72,37.23,0
16-07-2025 19:52,420.33,72.84,29.29,0
16-07-2025 19:53,414.81,99.9,37.66,0
16-07-2025 19:53,435.79,49.76,50.64,0
16-07-2025 19:53,415.91,77,40.8,0
16-07-2025 19:53,417.84,62.03,43.1,0
16-07-2025 19:54,407.42,86.23,37.71,0
16-07-2025 19:54,415.46,86.69,46.12,0
16-07-2025 19:54,402.09,52.88,49.33,0
16-07-2025 19:54,414.63,72.84,39,0
16-07-2025 19:55,416.75,88.67,56,0
16-07-2025 19:55,424.23,59.68,44.08,0
16-07-2025 19:55,375.21,75.01,34.49,0
16-07-2025 19:55,409.95,79.47,34.08,0
16-07-2025 19:56,409.58,85.47,37.77,0
16-07-2025 19:56,404.52,127.88,50.52,1
16-07-2025 19:56,413.9,86.87,37.33,0
16-07-2025 19:56,400.5,90.96,35.74,0
16-07-2025 19:57,404.49,83.28,33,0
16-07-2025 19:57,401.12,79.61,42.28,0
16-07-2025 19:57,404.34,65.42,38.85,0
16-07-2025 19:57,403.93,79.04,40.57,0
16-07-2025 19:58,417.17,81.28,36.15,0
16-07-2025 19:58,413.06,105.83,31.47,0
16-07-2025 19:58,425.45,38.44,34.64,0
16-07-2025 19:58,418.55,80.01,35.13,0
16-07-2025 19:59,428.8,75.43,32.84,0
16-07-2025 19:59,405.3,70.51,26.45,0
16-07-2025 19:59,417.46,83.4,34.55,0
16-07-2025 19:59,416.57,91,30.52,0
16-07-2025 20:00,405.59,76.61,42.69,0
16-07-2025 20:00,415.2,75.28,36.82,0
16-07-2025 20:00,418.6,81.59,46.19,0
16-07-2025 20:00,408.07,100.25,39.47,0
16-07-2025 20:01,402.42,78.49,49.73,0
16-07-2025 20:01,398.34,88.41,35.12,0
16-07-2025 20:01,405.95,86.1,58.81,0
16-07-2025 20:01,404.51,55.45,45.26,0
16-07-2025 20:02,427.2,67.83,35.12,0
16-07-2025 20:02,417.18,64.37,33.85,0
16-07-2025 20:02,402.16,40.49,56.91,0
16-07-2025 20:02,419.86,73.95,45.09,0
16-07-2025 20:03,407.42,84.13,47.29,0
16-07-2025 20:03,433.04,73.88,44.72,0
16-07-2025 20:03,407.02,97.08,30.9,0
16-07-2025 20:03,414.95,96.61,37.5,0
16-07-2025 20:04,412.63,83.17,45.52,0
16-07-2025 20:04,405.73,71.63,33.91,0
16-07-2025 20:04,419.63,73.8,33.35,0
16-07-2025 20:04,400.25,63.74,31.81,0
16-07-2025 20:05,406.87,79.72,42.18,0
16-07-2025 20:05,424.46,76.85,26.23,0
16-07-2025 20:05,422.54,54.65,41.04,0
16-07-2025 20:05,404.58,100.07,23.61,0
16-07-2025 20:06,400.51,82.51,28.76,0
16-07-2025 20:06,416.57,76.88,32.93,0
16-07-2025 20:06,398.01,83.38,41.75,0
16-07-2025 20:06,408.31,80.06,24.28,0
16-07-2025 20:07,398.02,97.85,34.17,0
16-07-2025 20:07,418.06,67.71,36.66,0
16-07-2025 20:07,412.53,85.54,34.11,0
16-07-2025 20:07,412.39,107.58,35.55,0
16-07-2025 20:08,424.47,82.37,41.13,0
16-07-2025 20:08,411.91,76.13,47.69,0
16-07-2025 20:08,408.44,53.15,47.41,0
16-07-2025 20:08,415.48,92.12,46.35,0
16-07-2025 20:09,404.74,71.15,47.55,0
16-07-2025 20:09,412.45,77.59,47.17,0
16-07-2025 20:09,405.69,113.78,55.04,1
16-07-2025 20:09,408.38,70.19,55.54,0
16-07-2025 20:10,413.57,68.48,39.31,0
16-07-2025 20:10,423.94,74.57,35.72,0
16-07-2025 20:10,437.67,67.14,23.46,0
16-07-2025 20:10,435.23,39.47,32.64,0
16-07-2025 20:11,416.8,63.68,31.24,0
16-07-2025 20:11,419.04,102.09,41.74,0
16-07-2025 20:11,410.68,75.94,47.31,0
16-07-2025 20:11,423.06,82.77,63.85,2
16-07-2025 20:12,426.77,70.82,30.89,0
16-07-2025 20:12,423.33,78.45,45.47,0
16-07-2025 20:12,433.99,86.86,33.47,0
16-07-2025 20:12,422.75,96.82,47.72,0
16-07-2025 20:13,419.72,88.88,33.2,0
16-07-2025 20:13,417.99,54.11,29.57,0
16-07-2025 20:13,407.63,72.76,33.65,0
16-07-2025 20:13,422.14,87.72,29.79,0
16-07-2025 20:14,422.84,102.41,44.07,0
16-07-2025 20:14,435.59,67.9,42.2,0
16-07-2025 20:14,415.36,96,34.98,0
16-07-2025 20:14,416.39,65.58,20.54,0
16-07-2025 20:15,404.02,61.25,40.37,0
16-07-2025 20:15,406.76,100.26,38.63,0
16-07-2025 20:15,407.67,91.31,36.41,0
16-07-2025 20:15,424.88,77.46,41.51,0
16-07-2025 20:16,402.49,104.86,54.08,0
16-07-2025 20:16,396.91,88.82,35.02,0
16-07-2025 20:16,418.19,46.21,41.61,0
16-07-2025 20:16,415.22,71.85,33.68,0
16-07-2025 20:17,420.85,82.03,39.86,0
16-07-2025 20:17,427.57,78.53,36.78,0
16-07-2025 20:17,422.4,87.45,30.4,0
16-07-2025 20:17,410.15,83.3,31.65,0
16-07-2025 20:18,432.25,90.52,30.81,0
16-07-2025 20:18,418.03,62.94,46.49,0
16-07-2025 20:18,415.81,63.8,43.22,0
16-07-2025 20:18,419.06,67.44,35.32,0
16-07-2025 20:19,431.95,69.07,47.01,0
16-07-2025 20:19,404.68,77.65,22.27,0
16-07-2025 20:19,416.6,76.98,42.9,0
16-07-2025 20:19,411.72,109.98,41.95,1
16-07-2025 20:20,411.56,96.51,29.75,0
16-07-2025 20:20,400.36,64.63,38.8,0
16-07-2025 20:20,404.48,75.12,47.34,0
16-07-2025 20:20,417.47,68.63,47.73,0
16-07-2025 20:21,416.56,106.5,40.74,0
16-07-2025 20:21,414.78,68.41,51.75,0
16-07-2025 20:21,414.31,85.56,33.76,0
16-07-2025 20:21,418.09,67.13,33.83,0
16-07-2025 20:22,413.34,95,48.98,0
16-07-2025 20:22,426.85,42.65,47.24,0
16-07-2025 20:22,415.98,86.81,42.34,0
16-07-2025 20:22,391.48,83.78,40.05,0
16-07-2025 20:23,446.73,87.56,36.7,0
16-07-2025 20:23,402.39,82.9,52.46,0
16-07-2025 20:23,424.62,24.83,29.91,0
16-07-2025 20:23,431.79,81.5,41.8,0
16-07-2025 20:24,406.23,75.86,36.37,0
16-07-2025 20:24,422.23,83.85,41.87,0
16-07-2025 20:24,427.66,93.56,43.3,0
16-07-2025 20:24,404.35,88.97,42.5,0
16-07-2025 20:25,420.17,86.36,39.32,0
16-07-2025 20:25,418.37,98.8,32.3,0
16-07-2025 20:25,424.24,78.46,56.4,0
16-07-2025 20:25,403.85,58.22,41.6,0
16-07-2025 20:26,416.47,95.33,42.37,0
16-07-2025 20:26,411.05,104.09,26.81,0
16-07-2025 20:26,432.77,85.31,41.27,0
16-07-2025 20:26,416.43,80.21,31.22,0
16-07-2025 20:27,416.97,73.18,42.35,0
16-07-2025 20:27,420.56,73.85,38.76,0
16-07-2025 20:27,410.74,67.69,39.82,0
16-07-2025 22:34,413.75,66.76,45.05,0
16-07-2025 22:35,415.97,66.91,63.63,2
16-07-2025 22:35,417.28,88.24,52.28,0
16-07-2025 22:35,415.29,78.38,36.67,0
16-07-2025 22:35,399.32,81.37,43.64,0
16-07-2025 22:36,411.99,68.87,40.5,0
16-07-2025 22:36,413.99,44.99,42.01,0
16-07-2025 22:36,401.76,85.2,39.26,0
16-07-2025 22:36,402.25,97.53,27.33,0
16-07-2025 22:37,402.11,90.72,37.94,0
16-07-2025 22:37,407.85,58.26,50.14,0
16-07-2025 22:37,404.52,76.56,27.71,0
16-07-2025 22:37,414.59,36.6,47.73,0
16-07-2025 22:38,402.16,81.31,35.87,0
16-07-2025 22:38,420.61,51.85,37.04,0
16-07-2025 22:38,425.23,69.43,47.73,0
16-07-2025 22:38,409.43,83.92,36.77,0
16-07-2025 22:39,415.23,94.98,36.6,0
16-07-2025 22:39,418.55,72.56,42.9,0
16-07-2025 22:39,408.3,99.2,26.35,0
16-07-2025 22:39,433.42,94.91,39.17,0
16-07-2025 22:40,420.6,97.05,37.84,0
16-07-2025 22:40,404.29,71.07,32.52,0
16-07-2025 22:40,413.79,74.37,28.26,0
16-07-2025 22:40,419.27,74.98,34.86,0
16-07-2025 22:41,410.45,52.47,33.25,0
16-07-2025 22:41,422.77,89.74,51.67,0
16-07-2025 22:41,433.65,52.71,44.52,0
16-07-2025 22:41,406.28,76.63,59.72,0
16-07-2025 22:41,407.49,80.22,41.95,0
16-07-2025 22:41,415.35,83.56,22.55,0
16-07-2025 22:42,434.61,58.85,31.21,0
16-07-2025 22:42,426.12,61.68,45.53,0
16-07-2025 22:42,425.8,75.63,44.42,0
16-07-2025 22:42,410.83,56.71,36.69,0
16-07-2025 22:42,418.25,111.31,29.74,1
16-07-2025 22:42,403.08,92.43,38.73,0
16-07-2025 22:42,417.76,81,19.95,0
16-07-2025 22:42,397.93,59.88,38.18,0
16-07-2025 22:43,400.28,71.31,39.9,0
16-07-2025 22:43,428.31,72.89,32.86,0
16-07-2025 22:43,407.71,87.39,42.16,0
16-07-2025 22:43,408.31,72.4,37.93,0
16-07-2025 22:43,410.2,70.62,43.54,0
16-07-2025 22:43,422.38,57.33,60.44,2
16-07-2025 22:43,426.94,67.39,28.21,0
16-07-2025 22:43,425.43,81.57,40.33,0
16-07-2025 22:44,418.15,104.08,47.76,0
16-07-2025 22:44,408.61,56.36,46.98,0
16-07-2025 22:44,410.51,91.65,39.11,0
16-07-2025 22:44,418.67,71.14,39.93,0
16-07-2025 22:44,414.09,99.31,55.34,0
16-07-2025 22:44,410.03,73.65,32.37,0
16-07-2025 22:44,407.18,85.26,39.01,0
16-07-2025 22:44,433.31,64.27,27.59,0
16-07-2025 22:45,432.02,73.39,50.86,0
16-07-2025 22:45,421.07,87.26,40.34,0
16-07-2025 22:45,398.81,48.8,36.06,0
16-07-2025 22:45,421.07,71.34,39.53,0
16-07-2025 22:45,400.19,81.85,39.41,0
16-07-2025 22:45,415.62,83.64,46.81,0
16-07-2025 22:45,411.2,65.53,52.26,0
16-07-2025 22:45,418.65,78.85,42.33,0
16-07-2025 22:46,427.05,78.57,55.41,0
16-07-2025 22:46,408.94,75.18,29.6,0
16-07-2025 22:46,415.72,70.33,53.02,0
16-07-2025 22:46,430.63,71.72,48.23,0
16-07-2025 22:46,427.34,82.67,33.23,0
16-07-2025 22:46,429.52,50.87,23.18,0
16-07-2025 22:46,414.77,59,37.29,0
16-07-2025 22:46,417.23,96.23,31.95,0
16-07-2025 22:47,387.38,79.35,41.57,0
16-07-2025 22:47,421.35,64.33,49.62,0
16-07-2025 22:47,409.28,85.24,46.64,0
16-07-2025 22:47,406.01,84.63,21.94,0
16-07-2025 22:47,416.42,77.51,45.97,0
16-07-2025 22:47,411.08,107.55,23.72,0
16-07-2025 22:47,415.16,70.09,44.53,0
16-07-2025 22:47,400.3,73.08,40.31,0
16-07-2025 22:48,410.27,100.77,39.33,0
16-07-2025 22:48,414.94,76.6,35.82,0
16-07-2025 22:48,428.94,77.24,42.89,0
16-07-2025 22:48,422.81,124.38,44.81,1
16-07-2025 22:48,422.5,63.57,41.36,0
16-07-2025 22:48,419.21,90.51,33.19,0
16-07-2025 22:48,421.65,71.64,47.61,0
16-07-2025 22:48,414.66,65.69,29.14,0
16-07-2025 22:49,427.31,66.33,43.07,0
16-07-2025 22:49,406.12,66.49,35.24,0
16-07-2025 22:49,410.44,84.69,39.86,0
16-07-2025 22:49,402.24,83.93,30.37,0
16-07-2025 22:49,421.35,77.31,30.39,0
16-07-2025 22:49,410.98,57.22,57.47,0
16-07-2025 22:49,422.64,82.95,31.82,0
16-07-2025 22:49,414.77,94.06,43.72,0
16-07-2025 22:50,411.86,80.41,32.49,0
16-07-2025 22:50,414.23,73.45,42.61,0
16-07-2025 22:50,412.83,54.82,52.28,0
16-07-2025 22:50,409.52,74.73,46.61,0
16-07-2025 22:50,435.33,88.74,43.53,0
16-07-2025 22:50,420.5,98.18,36.33,0
16-07-2025 22:50,427.51,88.6,37.44,0
16-07-2025 22:50,417.72,86.4,25.86,0
16-07-2025 22:51,412.64,81.24,35.34,0
16-07-2025 22:51,406.93,71.45,42.86,0
16-07-2025 22:51,392.86,92.28,53.58,0
16-07-2025 22:51,425.19,85.95,35.32,0
16-07-2025 22:51,421.12,72.83,39.61,0
16-07-2025 22:51,420.33,55.34,44.25,0
16-07-2025 22:51,417.7,72.76,41.55,0
16-07-2025 22:51,405.43,77.32,26.04,0
16-07-2025 22:52,427.1,78.51,44.46,0
16-07-2025 22:52,405.26,46.55,36.49,0
16-07-2025 22:52,419.04,77.84,42.34,0
16-07-2025 22:52,416.86,60.35,46.56,0
16-07-2025 22:52,422.36,56.41,42.18,0
16-07-2025 22:52,420.21,48.78,37.45,0
16-07-2025 22:52,419.51,72.96,28.28,0
16-07-2025 22:52,411.35,77.56,35.56,0
16-07-2025 22:53,436.8,74.24,55.58,0
16-07-2025 22:53,391.68,82.04,39.36,0
16-07-2025 22:53,402.51,68.79,39.73,0
16-07-2025 22:53,405.75,80.45,41.49,0
16-07-2025 22:53,413.02,85.65,42.88,0
16-07-2025 22:53,420.07,74.48,58.95,0
16-07-2025 22:53,434.91,61.99,43.74,0
16-07-2025 22:53,427.01,78.21,25.22,0
16-07-2025 22:54,409.4,75.2,39.2,0
16-07-2025 22:54,422.93,97.13,40.81,0
16-07-2025 22:54,433.54,75.35,29.46,0
16-07-2025 22:54,421.33,79.97,44.05,0
16-07-2025 22:54,413.89,102.28,30.83,0
16-07-2025 22:54,426.61,65.18,28.04,0
16-07-2025 22:54,408.41,70.58,31.1,0
16-07-2025 22:54,416.2,73.39,38.73,0
16-07-2025 22:55,437.51,94.62,40.37,0
16-07-2025 22:55,399.19,82.26,36.07,0
16-07-2025 22:55,417.91,71.31,50.61,0
16-07-2025 22:55,402.27,95.79,43.19,0
16-07-2025 22:55,413.61,65.78,45.62,0
16-07-2025 22:55,400.02,77.06,54.14,0
16-07-2025 22:55,396.48,75.63,35.61,0
16-07-2025 22:55,400.87,96.43,43.06,0
16-07-2025 22:56,422.22,75.9,45.6,0
16-07-2025 22:56,420.37,76.29,40.77,0
16-07-2025 22:56,413.19,64.83,33.7,0
16-07-2025 22:56,407.28,80.72,28.83,0
16-07-2025 22:56,405.4,82.39,44.55,0
16-07-2025 22:56,419.43,104.67,39.71,0
16-07-2025 22:56,410.79,66.03,26.41,0
16-07-2025 22:56,442.04,98.23,38.44,0
16-07-2025 22:57,415.38,74.99,55.25,0
16-07-2025 22:57,405.2,78.71,47.65,0
16-07-2025 22:57,419.65,86.53,39.98,0
16-07-2025 22:57,405.09,97.26,42.69,0
16-07-2025 22:57,409.26,80.66,31.73,0
16-07-2025 22:57,391.25,97.85,32.73,0
16-07-2025 22:57,398.25,83.31,61.07,2
16-07-2025 22:57,414.84,74.47,22.63,0
16-07-2025 22:58,413.81,96.22,36.67,0
16-07-2025 22:58,413.73,64.08,42.97,0
16-07-2025 22:58,429.12,58.76,25.98,0
16-07-2025 22:58,425.23,60.89,37.59,0
16-07-2025 22:58,393.24,72,48.03,0
16-07-2025 22:58,401.21,91.73,45.08,0
16-07-2025 22:58,406.63,85.92,28.91,0
16-07-2025 22:58,406.26,73.54,49.85,0
16-07-2025 22:59,394.6,77.99,33.83,0
16-07-2025 22:59,413.62,82.11,45.75,0
16-07-2025 22:59,402.35,63.73,34,0
16-07-2025 22:59,410.1,70.01,44.58,0
16-07-2025 22:59,412,74.94,31.34,0
16-07-2025 22:59,405.31,87.16,45.84,0
16-07-2025 22:59,398.58,62.75,37.59,0
16-07-2025 22:59,426.69,84.26,30.47,0
16-07-2025 23:00,413.81,82.91,41.21,0
16-07-2025 23:00,409.86,69.09,48.82,0
16-07-2025 23:00,412.85,79.7,35.96,0
16-07-2025 23:00,424.91,79.5,37.79,0
16-07-2025 23:00,424.89,73.12,42.56,0
16-07-2025 23:00,416.99,87.02,41.03,0
16-07-2025 23:00,400.78,102.96,25.53,0
16-07-2025 23:00,417.38,95.1,43.17,0
16-07-2025 23:01,426.59,56.31,33.18,0
16-07-2025 23:01,417.19,80.12,52.14,0
16-07-2025 23:01,425.41,65.5,44.02,0
16-07-2025 23:01,405.87,92.13,46.13,0
16-07-2025 23:01,409.26,88.04,43.09,0
16-07-2025 23:01,406.08,49.7,38.59,0
16-07-2025 23:01,405.17,58.34,43.54,0
16-07-2025 23:01,432.18,113.46,36.8,1
16-07-2025 23:02,414.54,89.01,28.15,0
16-07-2025 23:02,415.05,73.09,38.8,0
16-07-2025 23:02,429.54,83.28,45.68,0
16-07-2025 23:02,406.69,84.01,36.16,0
16-07-2025 23:02,409.73,60.11,38.02,0
16-07-2025 23:02,398.88,74.73,32.03,0
16-07-2025 23:02,395.14,70.42,34.59,0
16-07-2025 23:02,415.93,92.9,39.97,0
16-07-2025 23:03,409.74,130.92,26.31,1
16-07-2025 23:03,394.42,75.46,43.65,0
16-07-2025 23:03,412.98,69.91,32.89,0
16-07-2025 23:03,409.45,68.5,36.25,0
16-07-2025 23:03,430.56,63.08,47.4,0
16-07-2025 23:03,424.75,77.71,54.19,0
16-07-2025 23:03,418.62,107.74,43.51,0
16-07-2025 23:03,410.16,91.91,45.71,0
16-07-2025 23:04,428.73,99.47,41.92,0
16-07-2025 23:04,431.51,62.51,36.98,0
16-07-2025 23:04,436.07,84.39,47.79,0
16-07-2025 23:04,433.29,85,32.86,0
16-07-2025 23:04,420.21,83.99,33.03,0
16-07-2025 23:04,409.41,59.53,48.72,0
16-07-2025 23:04,418.93,104.79,37.12,0
16-07-2025 23:04,403.35,43.5,44.06,0
16-07-2025 23:05,417.68,75.94,44.97,0
16-07-2025 23:05,425.27,70.94,37.63,0
16-07-2025 23:05,397.08,89.8,49.48,0
16-07-2025 23:05,405.18,93.07,31.26,0
16-07-2025 23:05,421.96,60.08,26.75,0
16-07-2025 23:05,405,73.2,33.8,0
16-07-2025 23:05,389.36,91.22,44.81,0
16-07-2025 23:05,438.01,61.91,49.83,0
16-07-2025 23:06,404.18,107.01,51.15,0
16-07-2025 23:06,400.34,88.26,37.51,0
16-07-2025 23:06,409.19,95.14,30.89,0
16-07-2025 23:06,412.79,72.02,42.8,0
16-07-2025 23:06,408.77,59.05,36.08,0
16-07-2025 23:06,415.1,94.88,40.01,0
16-07-2025 23:06,424.68,78.84,40.7,0
16-07-2025 23:06,409.65,94.68,48.64,0
16-07-2025 23:07,419.08,93.36,42.38,0
16-07-2025 23:07,409.69,53.59,44.6,0
16-07-2025 23:07,425.33,98.1,37.24,0
16-07-2025 23:07,406.43,68.28,31.11,0
16-07-2025 23:07,422.56,77.85,54.19,0
16-07-2025 23:07,411.51,80.61,44.59,0
16-07-2025 23:07,418.04,92.54,37.7,0
16-07-2025 23:07,421.98,71.77,47.26,0
16-07-2025 23:08,425.34,90.98,46.19,0
16-07-2025 23:08,426.6,86.67,36.99,0
16-07-2025 23:08,418.86,70.44,32.36,0
16-07-2025 23:08,411.23,84.55,44.76,0
16-07-2025 23:08,435.1,70.73,33.07,0
16-07-2025 23:08,394.7,91.33,43.6,0
16-07-2025 23:08,413.4,78.92,41.91,0
16-07-2025 23:08,420.17,77.38,27.05,0
16-07-2025 23:09,413.63,82.14,52.1,0
16-07-2025 23:09,415.21,63.13,38.97,0
16-07-2025 23:09,422.81,89.34,50.21,0
16-07-2025 23:09,418.58,108.31,33.85,0
16-07-2025 23:09,417.73,108.45,33.83,0
16-07-2025 23:09,409.43,98.22,27.73,0
16-07-2025 23:09,414.15,47.16,25.71,0
16-07-2025 23:09,428.58,76.73,31.45,0
16-07-2025 23:10,420.96,90.21,31.87,0
16-07-2025 23:10,410.66,71.17,35.85,0
16-07-2025 23:10,428.48,76.53,35.37,0
16-07-2025 23:10,414.85,75.73,33.51,0
16-07-2025 23:10,418.69,81.57,31.86,0
16-07-2025 23:10,424.47,86.94,34.32,0
16-07-2025 23:10,414.15,73.6,25.05,0
16-07-2025 23:10,409.98,78.8,36.44,0
16-07-2025 23:11,404.92,84.3,45.78,0
16-07-2025 23:11,399.91,71.39,53.19,0
16-07-2025 23:11,419.81,50.29,36.66,0
16-07-2025 23:11,434.79,84.81,30.53,0
16-07-2025 23:11,414.78,81.21,47.45,0
16-07-2025 23:11,417.87,50.67,33.8,0
16-07-2025 23:11,423.49,92.95,24.4,0
16-07-2025 23:11,415.65,74.99,36.46,0
16-07-2025 23:12,415.93,69.58,41.41,0
16-07-2025 23:12,396.12,99.59,37.7,0
16-07-2025 23:12,404.98,89.18,51.39,0
16-07-2025 23:12,410.42,85.29,41.13,0
16-07-2025 23:12,411.55,90.6,38.81,0
16-07-2025 23:12,423.45,62.37,36.54,0
16-07-2025 23:12,411.45,77.15,40.02,0
16-07-2025 23:12,433.19,59.44,53.84,0
16-07-2025 23:13,424.37,60.24,38.59,0
16-07-2025 23:13,422.32,74.77,53.88,0
16-07-2025 23:13,424.09,76.74,54.69,0
16-07-2025 23:13,437.74,89.31,25.04,0
16-07-2025 23:13,406.73,82.12,38.25,0
16-07-2025 23:13,409.85,76.63,34.53,0
16-07-2025 23:13,413.39,56.19,28.03,0
16-07-2025 23:13,413.95,77.31,52.13,0
16-07-2025 23:14,402.52,103.42,44.32,0
16-07-2025 23:14,416.63,89,29.99,0
16-07-2025 23:14,401.39,95.76,46.79,0
16-07-2025 23:14,436.65,53.49,37.31,0
16-07-2025 23:14,417.36,72.28,41.67,0
16-07-2025 23:14,438.58,84.33,53.08,0
16-07-2025 23:14,429.03,58.26,32.09,0
16-07-2025 23:14,424.39,103.88,41.11,0
16-07-2025 23:15,429.69,89.03,37.98,0
16-07-2025 23:15,423.13,108.04,36.83,0
16-07-2025 23:15,404.93,80.49,48.78,0
16-07-2025 23:15,401.7,87.27,33.78,0
16-07-2025 23:15,415.88,94.99,48.35,0
16-07-2025 23:15,413.35,108.65,36.37,0
16-07-2025 23:15,408.48,34.13,36.39,0
16-07-2025 23:15,427.84,71.72,48.89,0
16-07-2025 23:16,423.65,66.33,38.08,0
16-07-2025 23:16,422.05,104.17,54.51,0
16-07-2025 23:16,434.87,84.14,43.72,0
16-07-2025 23:16,415.97,60.13,40.14,0
16-07-2025 23:16,394.39,66.44,31.83,0
16-07-2025 23:16,434.36,62,36.87,0
16-07-2025 23:16,414.68,82.32,55.79,0
16-07-2025 23:16,427.08,83.32,42.24,0
16-07-2025 23:17,423.29,68.83,36.73,0
16-07-2025 23:17,426.04,61.05,41.84,0
16-07-2025 23:17,421.54,66.85,32.22,0
16-07-2025 23:17,406.27,63.31,34.89,0
16-07-2025 23:17,409.22,78.07,31.93,0
16-07-2025 23:17,402.89,76.79,34.51,0
16-07-2025 23:17,413.04,98.47,35.28,0
16-07-2025 23:17,406.43,60.91,38.84,0
16-07-2025 23:18,429.16,70.44,41.41,0
16-07-2025 23:18,416.72,80.17,47.12,0
16-07-2025 23:18,420.38,81.72,28.77,0
16-07-2025 23:18,429.98,69,45.47,0
16-07-2025 23:18,409.82,64.08,30.32,0
16-07-2025 23:18,409.11,74.21,38.32,0
16-07-2025 23:18,405.03,103.44,48.22,0
16-07-2025 23:18,406.93,72.83,33.97,0
16-07-2025 23:19,413.53,97.29,49.33,0
16-07-2025 23:19,434.37,88.52,26.9,0
16-07-2025 23:19,410.18,48.19,51,0
16-07-2025 23:19,395.7,79,31.68,0
16-07-2025 23:19,416.36,88.57,37.47,0
16-07-2025 23:19,413.33,119.1,42.3,1
16-07-2025 23:19,415.61,83.32,40.22,0
16-07-2025 23:19,396.28,71.18,54.6,0
16-07-2025 23:20,421.45,71.26,48.77,0
16-07-2025 23:20,417.65,50.76,42.8,0
16-07-2025 23:20,413.78,61.48,38.77,0
16-07-2025 23:20,408.26,105.29,34.75,0
16-07-2025 23:20,417.76,107.26,36.52,0
16-07-2025 23:20,407.08,74.58,46.13,0
16-07-2025 23:20,405.87,83.67,54.41,0
16-07-2025 23:20,423.42,81.02,39.63,0
16-07-2025 23:21,417.32,84.26,56.59,0
16-07-2025 23:21,409.15,85.03,40.43,0
16-07-2025 23:21,429.71,55.42,36.49,0
16-07-2025 23:21,399.68,90.03,41.93,0
16-07-2025 23:21,409.82,82.47,45.67,0
16-07-2025 23:21,420,82.65,47.05,0
16-07-2025 23:21,399.76,70.56,38.14,0
16-07-2025 23:21,416.53,72.42,38.88,0
16-07-2025 23:22,420.91,69.68,46.77,0
16-07-2025 23:22,401.42,73.15,42.41,0
16-07-2025 23:22,410.82,96.49,39.68,0
16-07-2025 23:22,410.41,97.41,43.47,0
16-07-2025 23:22,400.48,79.5,32.25,0
16-07-2025 23:22,407.67,80.15,51.12,0
16-07-2025 23:22,428.79,80.33,46.58,0
16-07-2025 23:22,425.86,72.12,27,0
16-07-2025 23:23,420.24,78.28,45.32,0
16-07-2025 23:23,416.18,74.3,52.18,0
16-07-2025 23:23,412.14,90.15,47.15,0
16-07-2025 23:23,403,63.5,47.53,0
16-07-2025 23:23,405.42,39.31,36.45,0
16-07-2025 23:23,429.75,63.86,41.76,0
16-07-2025 23:23,404.13,75.32,33.72,0
16-07-2025 23:23,419.84,78.31,24.75,0
16-07-2025 23:24,413.96,78.19,40.36,0
16-07-2025 23:24,401.5,66,48.77,0
16-07-2025 23:24,419.07,97.56,44.45,0
16-07-2025 23:24,409.95,53.03,36.4,0
16-07-2025 23:24,402.17,57.42,28.25,0
16-07-2025 23:24,413.32,79.67,54.2,0
16-07-2025 23:24,402.74,83.89,31.98,0
16-07-2025 23:24,430.73,68.45,49.37,0
16-07-2025 23:25,413.56,88.94,41.91,0
16-07-2025 23:25,408.6,83.46,30.42,0
16-07-2025 23:25,418.9,79.69,41.46,0
16-07-2025 23:25,406.63,74.91,40.37,0
16-07-2025 23:25,420.97,62.22,27.33,0
16-07-2025 23:25,422,72.94,41.16,0
16-07-2025 23:25,407.77,110.41,43.51,1
16-07-2025 23:25,413.05,82.45,58.29,0
16-07-2025 23:26,396.58,67.15,40.65,0
16-07-2025 23:26,427.68,89.34,51.56,0
16-07-2025 23:26,423.43,45.83,35.38,0
16-07-2025 23:26,420.52,99.5,33.27,0
16-07-2025 23:26,425.09,68.12,46.52,0
16-07-2025 23:26,393.97,71.02,43.35,0
16-07-2025 23:26,411.64,106.69,33.08,0
16-07-2025 23:26,407.75,84.49,34.25,0
16-07-2025 23:27,403.15,91.29,42.43,0
16-07-2025 23:27,412.88,87.41,39.05,0
16-07-2025 23:27,416.24,97.88,36.05,0
16-07-2025 23:27,411.4,72.34,35.45,0
16-07-2025 23:27,406.06,101.25,37.75,0
16-07-2025 23:27,409.59,103.93,50.95,0
16-07-2025 23:27,416.56,72.72,34.54,0
16-07-2025 23:27,408.94,80.9,45.77,0
16-07-2025 23:28,406.1,82.07,38.37,0
16-07-2025 23:28,396.27,76.48,43.09,0
16-07-2025 23:28,424.24,102.14,40.3,0
16-07-2025 23:28,408.22,98.85,43.1,0
16-07-2025 23:28,417.69,96.68,43.52,0
16-07-2025 23:28,401,75.29,46.48,0
16-07-2025 23:28,423.02,81.76,40.13,0
16-07-2025 23:28,405.6,85.48,41.41,0
16-07-2025 23:29,422.2,82.02,36.13,0
16-07-2025 23:29,423.41,107.01,36.24,0
16-07-2025 23:29,408.33,92.57,48.06,0
16-07-2025 23:29,422.21,75.99,41.35,0
16-07-2025 23:29,423.97,74.93,57.59,0
16-07-2025 23:29,420.25,72.94,50.4,0
16-07-2025 23:29,423.1,82.28,41.46,0
16-07-2025 23:29,426.3,61.17,27.19,0
16-07-2025 23:30,409.33,71.52,48.83,0
16-07-2025 23:30,411.08,65.95,43.77,0
16-07-2025 23:30,415.44,91.6,30.83,0
16-07-2025 23:30,413.66,91.13,38.55,0
16-07-2025 23:30,394.98,101.44,47.9,0
16-07-2025 23:30,424.09,51.03,43.14,0
16-07-2025 23:30,418.81,72.51,48.73,0
16-07-2025 23:30,405.74,83.81,32.59,0
16-07-2025 23:31,426.68,76.52,35.53,0
16-07-2025 23:31,409.85,67.77,24.57,0
16-07-2025 23:31,418.05,87.05,43.29,0
16-07-2025 23:31,395.55,63.9,35.36,0
16-07-2025 23:31,420.95,70.28,27.49,0
16-07-2025 23:31,406.1,76.53,39.63,0
16-07-2025 23:31,422.35,80.5,32.54,0
16-07-2025 23:31,432.84,88.41,41,0
16-07-2025 23:32,407.55,91.06,50.28,0
16-07-2025 23:32,416.92,72.21,37.05,0
16-07-2025 23:32,418.73,77.67,34.4,0
16-07-2025 23:32,413.94,65.17,42.63,0
16-07-2025 23:32,418.54,72.39,38.25,0
16-07-2025 23:32,416.78,101.02,41.32,0
16-07-2025 23:32,408.46,82.87,41.54,0
16-07-2025 23:32,429.59,97.16,42.83,0
16-07-2025 23:33,403.92,62.8,43.69,0
16-07-2025 23:33,417.08,67.01,52.89,0
16-07-2025 23:33,408.36,64.37,47.11,0
16-07-2025 23:33,418.23,82.08,42.18,0
16-07-2025 23:33,410.7,48.12,28.43,0
16-07-2025 23:33,401.62,83.56,30.99,0
16-07-2025 23:33,408.57,72.67,52.99,0
16-07-2025 23:33,410.55,90.96,33.46,0
16-07-2025 23:34,433.09,79.04,48.75,0
16-07-2025 23:34,423.29,48.93,39.96,0
16-07-2025 23:34,438.22,77.08,47.52,0
16-07-2025 23:34,412.38,91.11,38.68,0
16-07-2025 23:34,416.96,76.21,33.51,0
16-07-2025 23:34,421.07,81.2,31.04,0
16-07-2025 23:34,400.86,97.3,33.35,0
16-07-2025 23:34,416.4,70.78,45.78,0
16-07-2025 23:35,407.99,77.04,36.27,0
16-07-2025 23:35,412.43,68.8,52.64,0
16-07-2025 23:35,417.56,106.09,43.18,0
16-07-2025 23:35,411.07,94.69,37.36,0
16-07-2025 23:35,422.19,69.39,50.22,0
16-07-2025 23:35,408.99,81.04,40.72,0
16-07-2025 23:35,427.57,75.18,63.36,2
16-07-2025 23:35,407.99,92.75,32.21,0
16-07-2025 23:36,406.88,73.14,25.9,0
16-07-2025 23:36,431.2,70.42,33.99,0
16-07-2025 23:36,433.01,68,26.18,0
16-07-2025 23:36,430.34,91.51,34.2,0
16-07-2025 23:36,408.07,101.84,41.47,0
16-07-2025 23:36,417.52,100.42,32.14,0
16-07-2025 23:36,408.5,82.81,47.22,0
16-07-2025 23:36,420.35,56.77,50.44,0
16-07-2025 23:37,420.18,83.39,27.81,0
16-07-2025 23:37,408.43,74.52,43.55,0
16-07-2025 23:37,433.91,91.88,40.49,0
16-07-2025 23:37,419.12,81.91,45.64,0
16-07-2025 23:37,420.66,69.64,53.75,0
16-07-2025 23:37,413.02,94.69,38.14,0
16-07-2025 23:37,424.12,58.99,48.5,0
16-07-2025 23:37,419.89,70.78,35.6,0
16-07-2025 23:38,411.38,61.04,40.18,0
16-07-2025 23:38,425.16,93.04,50.96,0
16-07-2025 23:38,416.12,74.23,29.89,0
16-07-2025 23:38,410.15,76.08,39.6,0
16-07-2025 23:38,395.23,86.34,44.37,0
16-07-2025 23:38,415.9,96.78,42.81,0
16-07-2025 23:38,410.72,63.15,32.1,0
16-07-2025 23:38,428.61,66.44,41.21,0
16-07-2025 23:39,409.72,52.09,39.61,0
16-07-2025 23:39,418.67,80.47,44.04,0
16-07-2025 23:39,412.32,106.37,55.62,0
16-07-2025 23:39,396.38,34.09,30.14,0
16-07-2025 23:39,412.17,73.32,36.22,0
16-07-2025 23:39,400.74,78.55,37.79,0
16-07-2025 23:39,404.92,102.56,36.42,0
16-07-2025 23:39,407.07,77.95,34.78,0
16-07-2025 23:40,398.61,102.26,54.03,0
16-07-2025 23:40,415.23,58.82,62.71,2
16-07-2025 23:40,412.49,88.43,30.92,0
16-07-2025 23:40,415.27,75.67,20.34,0
16-07-2025 23:40,412.27,68.37,36.57,0
16-07-2025 23:40,415.61,97.81,58.68,0
16-07-2025 23:40,416.83,92.92,30.17,0
16-07-2025 23:40,417.26,87.63,35.62,0
16-07-2025 23:41,408.12,88.71,29.43,0
16-07-2025 23:41,408.55,63.85,46.6,0
16-07-2025 23:41,423.83,70.47,43.14,0
16-07-2025 23:41,422.95,81.53,46.36,0
2025-07-16 23:41:59,404.3,83.82,71.94,2
